-- SEED REAL (Stage 1) — Subway Saci
-- Gerado automaticamente das planilhas. Insumos + fichas técnicas (sanduíches 15/30cm + saladas) COM pão.
-- Preços e demais produtos (bebidas/cookies/chips/adicionais) virão no Stage 2.
-- Execute após schema.sql.
begin;

insert into organizacoes (id, nome) values ('00000000-0000-0000-0000-000000000001','Grupo Saci') on conflict do nothing;
insert into unidades (id, organizacao_id, nome, tabela_balcao, tabela_ifood)
  values ('00000000-0000-0000-0000-0000000000a1','00000000-0000-0000-0000-000000000001','Subway Saci — Matriz','A','A') on conflict do nothing;

insert into canais_venda (organizacao_id, canal, comissao_pct) values
  ('00000000-0000-0000-0000-000000000001','balcao',0.0000),('00000000-0000-0000-0000-000000000001','ifood',0.2700),('00000000-0000-0000-0000-000000000001','uber',0.1500)
  on conflict do nothing;

-- INSUMOS
insert into insumos (id, organizacao_id, codigo, nome, tipo, unidade_medida, preco_unitario) values
  ('4cad61bd-e18d-4d4a-8ef5-e73872f76cdd','00000000-0000-0000-0000-000000000001','1001092','BATATA Rustica 14K','chips','un',19.134286),
  ('4797c3e1-2fe0-49d2-858c-050691d15ae3','00000000-0000-0000-0000-000000000001','1001088','BACON TIRAS CX 4 PCT X 1 KG','proteina','kg',121.285000),
  ('10b54ea5-4462-4587-803c-54dc22cd4607','00000000-0000-0000-0000-000000000001','1001002','CARNE BOV  CONG EM TIRAS 2X2KG','proteina','kg',77.455000),
  ('691c7160-6270-4f27-a9ec-f2fd748093d5','00000000-0000-0000-0000-000000000001','1001077','EMPANADO DE FRANGO SUBWAY','proteina','kg',27.692500),
  ('f4f00397-25c0-4eca-a472-f9b8836007ad','00000000-0000-0000-0000-000000000001','1000762','FRANGO Cubos  CX C/2X2KG BRF','proteina','kg',32.935000),
  ('64955084-9404-4639-a7a3-5b944f3aa3da','00000000-0000-0000-0000-000000000001','1000885','PEITO DE FRANGO EM TIRAS 4X2KG','proteina','kg',40.863750),
  ('db39dbcc-de46-492c-94c9-3ae11276989b','00000000-0000-0000-0000-000000000001','1000193','PEITO FRANGO 8,16KG COZ SEARA','proteina','kg',28.410000),
  ('08efbf43-b88c-4704-a932-a5536f49de48','00000000-0000-0000-0000-000000000001','1000976','PRESUNTO FATIADO CX C/ 3,6 kg','proteina','kg',46.425000),
  ('a9fa9da7-0f7d-4edd-9889-e7f0f98e929b','00000000-0000-0000-0000-000000000001','1000839','STEAK DE CHURRASCO 8,16KG','proteina','kg',37.686250),
  ('0d034dba-8b2d-41b2-98bf-4b60ea20fbc6','00000000-0000-0000-0000-000000000001','1001074','CARNE Seca','proteina','kg',77.943333),
  ('9297540b-2d5c-4b16-9bb1-7ce1fe13e110','00000000-0000-0000-0000-000000000001','1000764','CREAM CHEESE POLENGHI CX 6KG','queijo','kg',30.165000),
  ('90d9a88d-dee6-493a-b9fc-666841f85eb1','00000000-0000-0000-0000-000000000001','1000799','QUEIJO PROC CHEDDAR FAT 8,44KG','queijo','kg',44.854762),
  ('ce2fdb3a-ef3c-4451-93a3-8257e1979da5','00000000-0000-0000-0000-000000000001','1000797','QUEIJO PROC EMENTAL FAT 8,44KG','queijo','kg',44.958333),
  ('57f96d70-bf7e-45e7-83ff-90dd5db3d325','00000000-0000-0000-0000-000000000001','1000943','QUEIJO MUSSARELA','queijo','kg',50.403333),
  ('e8f0bf1c-bd3c-4091-af83-171bd348f4ad','00000000-0000-0000-0000-000000000001','1000834','MOLHO CHEDDAR POLENGHI 4X1,5KG','queijo','kg',32.793333),
  ('f03a8d34-b79b-4893-bc1b-df52b3df02d1','00000000-0000-0000-0000-000000000001','1000891','PEPPERONI CX 2KG','proteina','kg',59.870000),
  ('f554db63-540a-4577-b601-b97e40ac15b8','00000000-0000-0000-0000-000000000001','1000892','SALAME ITALIANO CX 2KG','proteina','kg',61.170000),
  ('d1bf3346-8acd-49d9-bb9a-91c1288a59c5','00000000-0000-0000-0000-000000000001','1300252','POTE MOLHO 30ML 700CJ','molho','kg',0.181614),
  ('27606a1b-fdd4-4ba1-bde7-fab3606eda31','00000000-0000-0000-0000-000000000001','1001061','MAIONESE SUBWAY POUCH 5UX1.1KG','molho','kg',20.861818),
  ('dd8f8c9b-d787-468f-a93d-14bfb6ff2b0f','00000000-0000-0000-0000-000000000001','1000912','MAIONESE VERDE SUBWAY','molho','kg',16.785455),
  ('1cfcdc4c-9189-45bc-ae88-8c28a396e6d0','00000000-0000-0000-0000-000000000001','1000805','MOLHO BARBECUE CX C/ 5X1,1KG','molho','kg',17.332727),
  ('42a3f5ef-5151-4825-96bc-cdc4f079c744','00000000-0000-0000-0000-000000000001','1000806','MOLHO CEBOLA AGRIDOC CX5X1,1KG','molho','kg',14.201818),
  ('73d4b088-f9c7-4ec0-b012-3cd46255be16','00000000-0000-0000-0000-000000000001','1001100','MOLHO CHIPOTLE SUBWAY 5x1,1KG','molho','kg',19.127273),
  ('0286cbac-6d9e-4342-9ed9-54f65f578e65','00000000-0000-0000-0000-000000000001','1000509','MOLHO MOSTAR MEL CX C/ 5X1,1KG','molho','kg',16.321818),
  ('89aace7b-4778-4c8b-9538-5a0f5a2c77aa','00000000-0000-0000-0000-000000000001','1000513','MOLHO PARMESAO CX5X1,1KG','molho','kg',18.150909),
  ('c5557e11-c52e-49c8-8938-c75d33b05d91','00000000-0000-0000-0000-000000000001','1001018','MOLHO SUPREME','molho','kg',19.992727),
  ('1c55a1c4-d5cd-4d7b-8aea-96a80ee95537','00000000-0000-0000-0000-000000000001','1001105','MOLHO CEBOLA TERIYAKI 5X1,1KG','molho','kg',16.463636),
  ('e156321a-e85d-4855-84db-1e6a8eef2943','00000000-0000-0000-0000-000000000001','1000913','MOLHO GOULASH','molho','kg',88.333333),
  ('13cad8a9-2042-4ec5-a227-f75e85c3c77b','00000000-0000-0000-0000-000000000001','1000910','MASSA CONGELADA P/ PAO 9 GRAOS','pao','un',3.048286),
  ('82adcddf-994e-4bd6-9093-ef4ed97c7d22','00000000-0000-0000-0000-000000000001','1000911','MASSA CONGELADA P/ PÃO BRANCO','pao','un',2.744000),
  ('0685b3dc-74bc-45d9-97de-fb742b22997b','00000000-0000-0000-0000-000000000001','1000796','TOPPING PARMESAO E OREGANO1,1KG','molho','kg',31.718182),
  ('a0bb1b41-98fb-48b7-938f-1a5a8b6c2588','00000000-0000-0000-0000-000000000001','1000981','QUEIJO RALADO 3 QUEIJOS 1X1KG','queijo','kg',87.180000),
  ('f7cabf53-3d4f-4b31-8f36-d6eb72158eb9','00000000-0000-0000-0000-000000000001',NULL,'pão de 15cm Branco','pao','un',1.372000),
  ('ae9b0162-7836-47ce-a73b-16e977c0f850','00000000-0000-0000-0000-000000000001',NULL,'Pão de 15cm Preto','pao','un',1.524143),
  ('fa6cdfed-eba7-4860-9840-f02304d3d91c','00000000-0000-0000-0000-000000000001','1300164','FOLHA SETUP PAPEL MANTEIGA LIS','embalagem','un',0.064910),
  ('dc44c95a-341d-4820-ade0-af251d4e3fae','00000000-0000-0000-0000-000000000001','1300212','FOLHA SUBWRAP 25X40 CM  MONOL.','embalagem','un',0.082310),
  ('a2921755-db0c-41bc-a908-9f0111f26476','00000000-0000-0000-0000-000000000001','1300412','FOLHA SUBWRAP 38X51 FD/350','embalagem','un',0.175829),
  ('54ea2a13-ce6b-439e-a464-d9567148d61f','00000000-0000-0000-0000-000000000001','1300309','GUARDANAPO PAPEL 1000UN JOBAL','embalagem','un',0.075090),
  ('685b33c5-b305-4f19-9bc0-b0a55aac0647','00000000-0000-0000-0000-000000000001','1300336','SACO SOS SUB 15CM 73X40 500UN','embalagem','un',0.512940),
  ('a0b6b05d-eea7-44a5-a7ed-90454507ab62','00000000-0000-0000-0000-000000000001','1300335','SACO SOS SUB 30CM 90X48 500UN','embalagem','un',0.672100),
  ('975d0871-49ef-48c9-82e9-5721039e3019','00000000-0000-0000-0000-000000000001','1300460','Saco SOS Lata 40x32 500 um','embalagem','un',0.146460),
  ('28021659-b802-4fdc-9231-abe2d04dcc71','00000000-0000-0000-0000-000000000001','1300313','ETIQUETA SUBWAY delivery','embalagem','un',0.026540),
  ('5c3b23a1-d74d-45dd-a9cf-828add37a716','00000000-0000-0000-0000-000000000001','1300310','SACO COOKIE 32 X 14 C/500','doce','un',0.057800),
  ('41e103d2-f36d-4655-ad2b-8e12788681eb','00000000-0000-0000-0000-000000000001','1300424','SALADEIRA SUBWAY CX 100 UN','embalagem','un',1.524000),
  ('b8731a56-8b4b-4f22-8a2b-403db45a8480','00000000-0000-0000-0000-000000000001','1300255','TALHER (KIT GARFO - FACA) PT','embalagem','un',0.662000),
  ('bbaaf776-c79c-49dd-bbce-3d1c7e8c595e','00000000-0000-0000-0000-000000000001','1300422','Cartucho box 15cm cx c/250','embalagem','un',1.318733),
  ('f5cfeeb3-fac5-4a65-936f-e80ffdb47cde','00000000-0000-0000-0000-000000000001','1300419','Cartucho Box 30cm cx c/ 150','embalagem','un',0.338400),
  ('6ddbf30d-2fa6-4dd4-a264-7d9b8db79912','00000000-0000-0000-0000-000000000001','1300207','COPO SUBW 330ML C/1000 DIXIE','embalagem','un',0.335000),
  ('f4b8cb7a-b2a8-4ce6-9131-0a9d071e6917','00000000-0000-0000-0000-000000000001','1300209','COPO SUBW 550ML C/1000 DIXIE','embalagem','un',0.473410),
  ('3b889fba-c915-4218-8a20-a3bbeb8a19f2','00000000-0000-0000-0000-000000000001','1300161','COPP180BR SUBWAY C/2500','embalagem','un',0.059292),
  ('16e294e5-b8f0-4ee4-84b6-2ff43d4518e5','00000000-0000-0000-0000-000000000001','1300136','TAMPA SUBW 330ML C/2000 DIXIE','embalagem','un',0.088300),
  ('595f15bf-3e5e-4845-8900-06800b40d0c1','00000000-0000-0000-0000-000000000001','1300137','TAMPA SUBW 550ML C/1000 DIXIE','embalagem','un',0.126530),
  ('d57e68ce-a8b8-43ad-99f8-552fdaa581a3','00000000-0000-0000-0000-000000000001','1300204','CANUDO EMB. VERDE/ BRANCO 500','embalagem','un',0.080460),
  ('a561d67f-e1cb-45bc-b031-e5854f926a96','00000000-0000-0000-0000-000000000001',NULL,'Bag Coca 10l','bebida','un',18.612000),
  ('692af5c8-2fbe-49b0-821f-7587074690f3','00000000-0000-0000-0000-000000000001',NULL,'Fanta Guaraná Bag 5l','bebida','un',18.612000),
  ('98add423-a583-4681-aa90-0582fd7aa318','00000000-0000-0000-0000-000000000001',NULL,'Fanta laranja Bag 5l','bebida','un',18.612000),
  ('ccba97d4-ba4b-438f-b7dd-86c32e79e687','00000000-0000-0000-0000-000000000001',NULL,'Coca Zero Bag 5l','bebida','un',17.468000),
  ('189f0cb7-877f-4bf3-990e-6030bc74df1d','00000000-0000-0000-0000-000000000001',NULL,'Sprite sem acuçar 5l','bebida','un',17.468000),
  ('a18b6593-2786-48d6-adad-3309c2aa5a69','00000000-0000-0000-0000-000000000001',NULL,'Coca Lata 350ml c/12','bebida','un',2.067500),
  ('3e6a7753-8898-4355-9001-77f5f4a3fda4','00000000-0000-0000-0000-000000000001',NULL,'Coca 600 ml','bebida','un',3.800000),
  ('b9c240d3-f3ac-42ed-b00f-d80313f5032f','00000000-0000-0000-0000-000000000001',NULL,'Água Cristal sem gás 500 c/12','bebida','un',1.523333),
  ('2f853a9a-8cf0-4003-a36f-0fc74f11359d','00000000-0000-0000-0000-000000000001',NULL,'Água Cristal C/ gás 500 c/12','bebida','un',1.523333),
  ('98034c36-127d-422a-80a3-56d457b9abbd','00000000-0000-0000-0000-000000000001',NULL,'CO² 6,5 kg','bebida','un',12.488889),
  ('e03910c5-d023-4478-9d64-26a8459eea6a','00000000-0000-0000-0000-000000000001','4303','DEL VALLE UVA LT','bebida','un',3.500000),
  ('762f0b7b-9036-48f2-bcea-ecb68a159832','00000000-0000-0000-0000-000000000001','4301','DEL VALLE PESSEGO LT','bebida','un',3.500000),
  ('c216f42e-fac2-4e25-af14-60c652fb51b4','00000000-0000-0000-0000-000000000001','4305','DEL VALLE MARACUJA','bebida','un',3.500000),
  ('3e68f287-8c72-42af-880a-9a152d7075e6','00000000-0000-0000-0000-000000000001',NULL,'Del vale 450 ml Uva','outro','un',3.500000),
  ('3ea6aca0-14ac-4955-950d-5f44306a4fc0','00000000-0000-0000-0000-000000000001',NULL,'Delvale  450 ml Laranja','bebida','un',3.500000),
  ('90a0c6cf-685d-4adb-b25b-48e91b4592bb','00000000-0000-0000-0000-000000000001','4520','SPRITE FRESH LEMON','bebida','un',3.192500),
  ('a815f9b9-d415-4a33-a7fc-c88226cd840e','00000000-0000-0000-0000-000000000001','1000869','Suco preço médio','bebida','un',1.750000),
  ('95180288-e49e-4146-8016-c1720ff8b00b','00000000-0000-0000-0000-000000000001',NULL,'Alface','vegetal','kg',16.125000),
  ('fafa5be1-a896-47d5-8be1-5d5f83e58527','00000000-0000-0000-0000-000000000001',NULL,'Tomate','vegetal','kg',7.095000),
  ('b7e85c8f-89b6-40b1-9827-239d8a134da8','00000000-0000-0000-0000-000000000001',NULL,'Cebola','vegetal','kg',6.072000),
  ('cd9c5e49-49e0-4355-b422-56b3aaad69bb','00000000-0000-0000-0000-000000000001',NULL,'Pimentão','vegetal','kg',9.000000),
  ('97313c90-0a15-4e4c-b34d-79ac83714f7f','00000000-0000-0000-0000-000000000001',NULL,'Pepino','vegetal','kg',5.720000),
  ('6789eb0a-7c2b-457a-8781-3edf2e30e08d','00000000-0000-0000-0000-000000000001','1000927','AZEITONA PT FAT CX 10X1,600KG','vegetal','kg',32.079000),
  ('4cf2aee4-200e-4326-a275-0bd2bb5e1208','00000000-0000-0000-0000-000000000001','1000033','PEPINO FATIADO CONS 6X1,715KG','vegetal','kg',27.130000),
  ('8876934e-c8b8-4efc-9074-25333318988d','00000000-0000-0000-0000-000000000001','1001070','MOUSSE COCO E CHOCOLATE 14X48G','doce','un',3.115000),
  ('636268ac-6be5-45f3-a383-ce57cdfc6846','00000000-0000-0000-0000-000000000001','1000924','MOUSSE DE CHOCOLATE CX14X48G','doce','un',3.118571),
  ('19a2b752-0f1c-4e8a-b13b-2b9b4ce73acb','00000000-0000-0000-0000-000000000001','1000907','COOKIE CHOCOLATE DOUBLE 120UN','doce','un',1.448500),
  ('116cb16b-01d0-4576-b805-cb2f706614c3','00000000-0000-0000-0000-000000000001','1000908','COOKIE GOTAS 120UN','doce','un',1.448083),
  ('40af2a85-2303-4c49-8680-bfbabb9db064','00000000-0000-0000-0000-000000000001','1001079','COOKIE Macadamia','doce','un',1.635333),
  ('4b4e6607-04db-45ba-8071-0eb83b19ed68','00000000-0000-0000-0000-000000000001','1001090','DORITOS QUEIJO NACHO 40X45GR','queijo','kg',5.354655),
  ('2efbd854-4150-4647-bc63-ae3fbee01119','00000000-0000-0000-0000-000000000001','1001089','RUFLES CH 56X40GR CX LACRADA','chips','un',3.012857),
  ('605e61e5-9b7a-4f7e-b5c6-2e7c483d457d','00000000-0000-0000-0000-000000000001',NULL,'Alface','vegetal','kg',16.125000),
  ('6270a869-12cb-4df8-9dc7-a2b9e6874edf','00000000-0000-0000-0000-000000000001','salada','Tomate','vegetal','kg',8.062500),
  ('f1ea81c5-dd60-4c0f-9e90-e0d3865bcd72','00000000-0000-0000-0000-000000000001','automatica','Cebola','vegetal','kg',6.072000),
  ('cd22e499-361c-4a1f-b338-e8bff83bf825','00000000-0000-0000-0000-000000000001',NULL,'Pimentão','vegetal','kg',9.000000),
  ('9c15fa11-8010-4011-88a3-193c67d90fe7','00000000-0000-0000-0000-000000000001',NULL,'Pepino','vegetal','kg',5.720000),
  ('78e61b05-eba8-4eac-8a5c-82ffae20b9ea','00000000-0000-0000-0000-000000000001',NULL,'AZEITONA PT FAT CX 10X1,600KG','vegetal','kg',32.079000),
  ('f6a3a589-5563-4f70-96f8-39e7dff0c78c','00000000-0000-0000-0000-000000000001',NULL,'PEPINO FATIADO CONS 6X1,715KG','vegetal','kg',27.130000),
  ('80a1054d-78fc-44a1-81a2-5a1c682caec9','00000000-0000-0000-0000-000000000001',NULL,'SALADEIRA SUBWAY CX 150UN','embalagem','un',0.192667),
  ('34a546b9-284f-4e38-9fed-f2f1d78e4097','00000000-0000-0000-0000-000000000001',NULL,'TALHER (KIT GARFO - FACA) PT','embalagem','un',1.524000),
  ('450d9ea2-2361-42b6-8e2f-cd3ef331a7c5','00000000-0000-0000-0000-000000000001',NULL,'GUARDANAPO PAPEL 4000UN JOBAL','embalagem','un',0.037545),
  ('89ef24e7-9d14-4589-a9cb-1dcc9559a076','00000000-0000-0000-0000-000000000001',NULL,'SACOLA PLAST I GREEN 35 X 45','embalagem','un',0.134420),
  ('12a9aae2-fcce-4222-9426-4bb5029f9562','00000000-0000-0000-0000-000000000001','SYN-MOLHO','Molho sanduíche (média)','molho','kg',17.846818),
  ('5ae95d45-eedf-48db-a1ab-ebf515251e08','00000000-0000-0000-0000-000000000001','SYN-REC-SUP','Recheio Supreme (blend)','proteina','porcao',6.813379);

-- PRODUTOS (submontagens + vendáveis)
insert into produtos (id, organizacao_id, nome, tipo, tamanho, vendavel) values
  ('04f5cb04-29ab-4572-b169-6780998d8a41','00000000-0000-0000-0000-000000000001','Sanduíche sem recheio 15cm','submontagem','15cm',false),
  ('50cdcddb-8d2a-4493-9862-595febf92222','00000000-0000-0000-0000-000000000001','Base salada (vegetais + embalagem)','submontagem','salada',false),
  ('2a6efc23-048b-4b4f-84f5-1f0a34ed8f67','00000000-0000-0000-0000-000000000001','Frango Empanado 15cm','sanduiche','15cm',true),
  ('4ed8b0d1-22ab-4c69-beca-ae3490018606','00000000-0000-0000-0000-000000000001','Frango Empanado 30cm','sanduiche','30cm',true),
  ('e50af7a3-1a48-490a-91aa-ea1174cb4471','00000000-0000-0000-0000-000000000001','Salada Frango Empanado','salada','salada',true),
  ('c627e143-f836-46a8-96dd-c9f318931fa4','00000000-0000-0000-0000-000000000001','Frango Steak 15cm','sanduiche','15cm',true),
  ('4c740133-d145-4771-996b-eccd0ce24eb1','00000000-0000-0000-0000-000000000001','Frango Steak 30cm','sanduiche','30cm',true),
  ('aa68b79c-edbf-4904-a63b-f098fea995ab','00000000-0000-0000-0000-000000000001','Salada Frango Steak','salada','salada',true),
  ('5666f5c1-9abb-4c62-a0cf-ee1174fee5d0','00000000-0000-0000-0000-000000000001','Presunto 15cm','sanduiche','15cm',true),
  ('5f0eea4b-c629-4773-b64e-281d9ccd2ca7','00000000-0000-0000-0000-000000000001','Presunto 30cm','sanduiche','30cm',true),
  ('3110f3dc-d5ab-4cbd-ac25-babcd06ea479','00000000-0000-0000-0000-000000000001','Salada Presunto','salada','salada',true),
  ('56bbd46c-84a2-4998-8179-63a3f753897e','00000000-0000-0000-0000-000000000001','Churrasco 15cm','sanduiche','15cm',true),
  ('50c63738-fc54-4734-8023-b6cdba838d47','00000000-0000-0000-0000-000000000001','Churrasco 30cm','sanduiche','30cm',true),
  ('98748d74-4067-4f15-ba2d-fadf803768fa','00000000-0000-0000-0000-000000000001','Salada Churrasco','salada','salada',true),
  ('b42c094a-c97c-40f8-b0ed-0f32ff28c683','00000000-0000-0000-0000-000000000001','Carne Seca 15cm','sanduiche','15cm',true),
  ('be87f5aa-e0f6-4dc7-9ae0-09c9cfb82c04','00000000-0000-0000-0000-000000000001','Carne Seca 30cm','sanduiche','30cm',true),
  ('b5069d8d-2a84-48bc-9c54-e9d9384fcc26','00000000-0000-0000-0000-000000000001','Salada Carne Seca','salada','salada',true),
  ('99c47623-cfcd-4467-9755-d2b4ee7fee96','00000000-0000-0000-0000-000000000001','BMT 15cm','sanduiche','15cm',true),
  ('5a86ac62-045c-465d-9269-79a2a8e2f06c','00000000-0000-0000-0000-000000000001','BMT 30cm','sanduiche','30cm',true),
  ('24f740fe-75f1-4d8a-af76-dc95abff2db4','00000000-0000-0000-0000-000000000001','Salada BMT','salada','salada',true),
  ('87e78e25-41bd-40fe-a242-6365042bc09f','00000000-0000-0000-0000-000000000001','Steack Cheddar 15cm','sanduiche','15cm',true),
  ('45da17b3-1d03-4e39-af05-ad1b8cfd5bac','00000000-0000-0000-0000-000000000001','Steack Cheddar 30cm','sanduiche','30cm',true),
  ('b34128ba-1696-470f-90c6-c86dcc6e7219','00000000-0000-0000-0000-000000000001','Salada Steack Cheddar','salada','salada',true),
  ('cd1cdfc7-e7dc-496b-8f42-4e6c71b93278','00000000-0000-0000-0000-000000000001','Frango Defumado 15cm','sanduiche','15cm',true),
  ('84917ce1-12d0-44a9-8de9-f309f88b3625','00000000-0000-0000-0000-000000000001','Frango Defumado 30cm','sanduiche','30cm',true),
  ('e72b7405-7fbd-4ee4-b445-2cb97e6f7926','00000000-0000-0000-0000-000000000001','Salada Frango Defumado','salada','salada',true),
  ('af6aec1e-b96f-4775-a932-3f5d306c462c','00000000-0000-0000-0000-000000000001','Teriack 15cm','sanduiche','15cm',true),
  ('ce16ce79-8dd5-47d3-ab81-424017e262a8','00000000-0000-0000-0000-000000000001','Teriack 30cm','sanduiche','30cm',true),
  ('9f74d546-0cbd-4b11-b7f1-edb442924346','00000000-0000-0000-0000-000000000001','Salada Teriack','salada','salada',true),
  ('c329e64f-c76b-4a0c-a2e8-f1e9e5c72f82','00000000-0000-0000-0000-000000000001','Supreme 15cm','sanduiche','15cm',true),
  ('bffce793-d168-437c-9afa-e29274db3f87','00000000-0000-0000-0000-000000000001','Supreme 30cm','sanduiche','30cm',true),
  ('790e3e2e-7e13-45f3-ad19-217c859800b7','00000000-0000-0000-0000-000000000001','Salada Supreme','salada','salada',true),
  ('0c75ff52-ffd0-4df1-8aaa-66030b57ad95','00000000-0000-0000-0000-000000000001','Vegetariano 15cm','sanduiche','15cm',true),
  ('f90f3007-e892-445f-80d4-49a0fe04b159','00000000-0000-0000-0000-000000000001','Vegetariano 30cm','sanduiche','30cm',true),
  ('1f654e58-45de-4e0b-8b94-dd143e47969f','00000000-0000-0000-0000-000000000001','Salada Vegetariano','salada','salada',true);

-- FICHA TÉCNICA (BOM)
insert into ficha_tecnica (produto_id, insumo_id, subproduto_id, quantidade) values
  ('04f5cb04-29ab-4572-b169-6780998d8a41','12a9aae2-fcce-4222-9426-4bb5029f9562',NULL,0.03750),
  ('04f5cb04-29ab-4572-b169-6780998d8a41','fa6cdfed-eba7-4860-9840-f02304d3d91c',NULL,1.00000),
  ('04f5cb04-29ab-4572-b169-6780998d8a41','dc44c95a-341d-4820-ade0-af251d4e3fae',NULL,1.00000),
  ('04f5cb04-29ab-4572-b169-6780998d8a41','54ea2a13-ce6b-439e-a464-d9567148d61f',NULL,1.00000),
  ('04f5cb04-29ab-4572-b169-6780998d8a41','685b33c5-b305-4f19-9bc0-b0a55aac0647',NULL,1.00000),
  ('04f5cb04-29ab-4572-b169-6780998d8a41','28021659-b802-4fdc-9231-abe2d04dcc71',NULL,1.00000),
  ('04f5cb04-29ab-4572-b169-6780998d8a41','95180288-e49e-4146-8016-c1720ff8b00b',NULL,0.02700),
  ('04f5cb04-29ab-4572-b169-6780998d8a41','fafa5be1-a896-47d5-8be1-5d5f83e58527',NULL,0.02600),
  ('04f5cb04-29ab-4572-b169-6780998d8a41','b7e85c8f-89b6-40b1-9827-239d8a134da8',NULL,0.00700),
  ('04f5cb04-29ab-4572-b169-6780998d8a41','cd9c5e49-49e0-4355-b422-56b3aaad69bb',NULL,0.00900),
  ('04f5cb04-29ab-4572-b169-6780998d8a41','97313c90-0a15-4e4c-b34d-79ac83714f7f',NULL,0.01100),
  ('04f5cb04-29ab-4572-b169-6780998d8a41','6789eb0a-7c2b-457a-8781-3edf2e30e08d',NULL,0.00400),
  ('04f5cb04-29ab-4572-b169-6780998d8a41','4cf2aee4-200e-4326-a275-0bd2bb5e1208',NULL,0.00600),
  ('04f5cb04-29ab-4572-b169-6780998d8a41','90d9a88d-dee6-493a-b9fc-666841f85eb1',NULL,0.01000),
  ('50cdcddb-8d2a-4493-9862-595febf92222','605e61e5-9b7a-4f7e-b5c6-2e7c483d457d',NULL,0.02100),
  ('50cdcddb-8d2a-4493-9862-595febf92222','6270a869-12cb-4df8-9dc7-a2b9e6874edf',NULL,0.08400),
  ('50cdcddb-8d2a-4493-9862-595febf92222','f1ea81c5-dd60-4c0f-9e90-e0d3865bcd72',NULL,0.01400),
  ('50cdcddb-8d2a-4493-9862-595febf92222','cd22e499-361c-4a1f-b338-e8bff83bf825',NULL,0.02400),
  ('50cdcddb-8d2a-4493-9862-595febf92222','9c15fa11-8010-4011-88a3-193c67d90fe7',NULL,0.03600),
  ('50cdcddb-8d2a-4493-9862-595febf92222','78e61b05-eba8-4eac-8a5c-82ffae20b9ea',NULL,0.01500),
  ('50cdcddb-8d2a-4493-9862-595febf92222','f6a3a589-5563-4f70-96f8-39e7dff0c78c',NULL,0.01500),
  ('50cdcddb-8d2a-4493-9862-595febf92222','12a9aae2-fcce-4222-9426-4bb5029f9562',NULL,0.05400),
  ('50cdcddb-8d2a-4493-9862-595febf92222','80a1054d-78fc-44a1-81a2-5a1c682caec9',NULL,1.00000),
  ('50cdcddb-8d2a-4493-9862-595febf92222','34a546b9-284f-4e38-9fed-f2f1d78e4097',NULL,1.00000),
  ('50cdcddb-8d2a-4493-9862-595febf92222','450d9ea2-2361-42b6-8e2f-cd3ef331a7c5',NULL,1.00000),
  ('50cdcddb-8d2a-4493-9862-595febf92222','89ef24e7-9d14-4589-a9cb-1dcc9559a076',NULL,1.00000),
  ('2a6efc23-048b-4b4f-84f5-1f0a34ed8f67','691c7160-6270-4f27-a9ec-f2fd748093d5',NULL,0.07600),
  ('2a6efc23-048b-4b4f-84f5-1f0a34ed8f67',NULL,'04f5cb04-29ab-4572-b169-6780998d8a41',1.00000),
  ('2a6efc23-048b-4b4f-84f5-1f0a34ed8f67','f7cabf53-3d4f-4b31-8f36-d6eb72158eb9',NULL,1.00000),
  ('4ed8b0d1-22ab-4c69-beca-ae3490018606',NULL,'2a6efc23-048b-4b4f-84f5-1f0a34ed8f67',2.00000),
  ('e50af7a3-1a48-490a-91aa-ea1174cb4471','691c7160-6270-4f27-a9ec-f2fd748093d5',NULL,0.07600),
  ('e50af7a3-1a48-490a-91aa-ea1174cb4471',NULL,'50cdcddb-8d2a-4493-9862-595febf92222',1.00000),
  ('c627e143-f836-46a8-96dd-c9f318931fa4','db39dbcc-de46-492c-94c9-3ae11276989b',NULL,0.06400),
  ('c627e143-f836-46a8-96dd-c9f318931fa4',NULL,'04f5cb04-29ab-4572-b169-6780998d8a41',1.00000),
  ('c627e143-f836-46a8-96dd-c9f318931fa4','f7cabf53-3d4f-4b31-8f36-d6eb72158eb9',NULL,1.00000),
  ('4c740133-d145-4771-996b-eccd0ce24eb1',NULL,'c627e143-f836-46a8-96dd-c9f318931fa4',2.00000),
  ('aa68b79c-edbf-4904-a63b-f098fea995ab','db39dbcc-de46-492c-94c9-3ae11276989b',NULL,0.06400),
  ('aa68b79c-edbf-4904-a63b-f098fea995ab',NULL,'50cdcddb-8d2a-4493-9862-595febf92222',1.00000),
  ('5666f5c1-9abb-4c62-a0cf-ee1174fee5d0','08efbf43-b88c-4704-a932-a5536f49de48',NULL,0.04000),
  ('5666f5c1-9abb-4c62-a0cf-ee1174fee5d0',NULL,'04f5cb04-29ab-4572-b169-6780998d8a41',1.00000),
  ('5666f5c1-9abb-4c62-a0cf-ee1174fee5d0','f7cabf53-3d4f-4b31-8f36-d6eb72158eb9',NULL,1.00000),
  ('5f0eea4b-c629-4773-b64e-281d9ccd2ca7',NULL,'5666f5c1-9abb-4c62-a0cf-ee1174fee5d0',2.00000),
  ('3110f3dc-d5ab-4cbd-ac25-babcd06ea479','08efbf43-b88c-4704-a932-a5536f49de48',NULL,0.04000),
  ('3110f3dc-d5ab-4cbd-ac25-babcd06ea479',NULL,'50cdcddb-8d2a-4493-9862-595febf92222',1.00000),
  ('56bbd46c-84a2-4998-8179-63a3f753897e','a9fa9da7-0f7d-4edd-9889-e7f0f98e929b',NULL,0.05800),
  ('56bbd46c-84a2-4998-8179-63a3f753897e',NULL,'04f5cb04-29ab-4572-b169-6780998d8a41',1.00000),
  ('56bbd46c-84a2-4998-8179-63a3f753897e','f7cabf53-3d4f-4b31-8f36-d6eb72158eb9',NULL,1.00000),
  ('50c63738-fc54-4734-8023-b6cdba838d47',NULL,'56bbd46c-84a2-4998-8179-63a3f753897e',2.00000),
  ('98748d74-4067-4f15-ba2d-fadf803768fa','a9fa9da7-0f7d-4edd-9889-e7f0f98e929b',NULL,0.05800),
  ('98748d74-4067-4f15-ba2d-fadf803768fa',NULL,'50cdcddb-8d2a-4493-9862-595febf92222',1.00000),
  ('b42c094a-c97c-40f8-b0ed-0f32ff28c683','0d034dba-8b2d-41b2-98bf-4b60ea20fbc6',NULL,0.02800),
  ('b42c094a-c97c-40f8-b0ed-0f32ff28c683','9297540b-2d5c-4b16-9bb1-7ce1fe13e110',NULL,0.04200),
  ('b42c094a-c97c-40f8-b0ed-0f32ff28c683',NULL,'04f5cb04-29ab-4572-b169-6780998d8a41',1.00000),
  ('b42c094a-c97c-40f8-b0ed-0f32ff28c683','f7cabf53-3d4f-4b31-8f36-d6eb72158eb9',NULL,1.00000),
  ('be87f5aa-e0f6-4dc7-9ae0-09c9cfb82c04',NULL,'b42c094a-c97c-40f8-b0ed-0f32ff28c683',2.00000),
  ('b5069d8d-2a84-48bc-9c54-e9d9384fcc26','0d034dba-8b2d-41b2-98bf-4b60ea20fbc6',NULL,0.02800),
  ('b5069d8d-2a84-48bc-9c54-e9d9384fcc26','9297540b-2d5c-4b16-9bb1-7ce1fe13e110',NULL,0.04200),
  ('b5069d8d-2a84-48bc-9c54-e9d9384fcc26',NULL,'50cdcddb-8d2a-4493-9862-595febf92222',1.00000),
  ('99c47623-cfcd-4467-9755-d2b4ee7fee96','f03a8d34-b79b-4893-bc1b-df52b3df02d1',NULL,0.01800),
  ('99c47623-cfcd-4467-9755-d2b4ee7fee96','f554db63-540a-4577-b601-b97e40ac15b8',NULL,0.01800),
  ('99c47623-cfcd-4467-9755-d2b4ee7fee96','08efbf43-b88c-4704-a932-a5536f49de48',NULL,0.02000),
  ('99c47623-cfcd-4467-9755-d2b4ee7fee96',NULL,'04f5cb04-29ab-4572-b169-6780998d8a41',1.00000),
  ('99c47623-cfcd-4467-9755-d2b4ee7fee96','f7cabf53-3d4f-4b31-8f36-d6eb72158eb9',NULL,1.00000),
  ('5a86ac62-045c-465d-9269-79a2a8e2f06c',NULL,'99c47623-cfcd-4467-9755-d2b4ee7fee96',2.00000),
  ('24f740fe-75f1-4d8a-af76-dc95abff2db4','f03a8d34-b79b-4893-bc1b-df52b3df02d1',NULL,0.01800),
  ('24f740fe-75f1-4d8a-af76-dc95abff2db4','f554db63-540a-4577-b601-b97e40ac15b8',NULL,0.01800),
  ('24f740fe-75f1-4d8a-af76-dc95abff2db4','08efbf43-b88c-4704-a932-a5536f49de48',NULL,0.02000),
  ('24f740fe-75f1-4d8a-af76-dc95abff2db4',NULL,'50cdcddb-8d2a-4493-9862-595febf92222',1.00000),
  ('87e78e25-41bd-40fe-a242-6365042bc09f','a9fa9da7-0f7d-4edd-9889-e7f0f98e929b',NULL,0.05800),
  ('87e78e25-41bd-40fe-a242-6365042bc09f','e8f0bf1c-bd3c-4091-af83-171bd348f4ad',NULL,0.04300),
  ('87e78e25-41bd-40fe-a242-6365042bc09f',NULL,'04f5cb04-29ab-4572-b169-6780998d8a41',1.00000),
  ('87e78e25-41bd-40fe-a242-6365042bc09f','f7cabf53-3d4f-4b31-8f36-d6eb72158eb9',NULL,1.00000),
  ('45da17b3-1d03-4e39-af05-ad1b8cfd5bac',NULL,'87e78e25-41bd-40fe-a242-6365042bc09f',2.00000),
  ('b34128ba-1696-470f-90c6-c86dcc6e7219','a9fa9da7-0f7d-4edd-9889-e7f0f98e929b',NULL,0.05800),
  ('b34128ba-1696-470f-90c6-c86dcc6e7219','e8f0bf1c-bd3c-4091-af83-171bd348f4ad',NULL,0.04300),
  ('b34128ba-1696-470f-90c6-c86dcc6e7219',NULL,'50cdcddb-8d2a-4493-9862-595febf92222',1.00000),
  ('cd1cdfc7-e7dc-496b-8f42-4e6c71b93278','f4f00397-25c0-4eca-a472-f9b8836007ad',NULL,0.03000),
  ('cd1cdfc7-e7dc-496b-8f42-4e6c71b93278','9297540b-2d5c-4b16-9bb1-7ce1fe13e110',NULL,0.04500),
  ('cd1cdfc7-e7dc-496b-8f42-4e6c71b93278',NULL,'04f5cb04-29ab-4572-b169-6780998d8a41',1.00000),
  ('cd1cdfc7-e7dc-496b-8f42-4e6c71b93278','f7cabf53-3d4f-4b31-8f36-d6eb72158eb9',NULL,1.00000),
  ('84917ce1-12d0-44a9-8de9-f309f88b3625',NULL,'cd1cdfc7-e7dc-496b-8f42-4e6c71b93278',2.00000),
  ('e72b7405-7fbd-4ee4-b445-2cb97e6f7926','f4f00397-25c0-4eca-a472-f9b8836007ad',NULL,0.03000),
  ('e72b7405-7fbd-4ee4-b445-2cb97e6f7926','9297540b-2d5c-4b16-9bb1-7ce1fe13e110',NULL,0.04500),
  ('e72b7405-7fbd-4ee4-b445-2cb97e6f7926',NULL,'50cdcddb-8d2a-4493-9862-595febf92222',1.00000),
  ('af6aec1e-b96f-4775-a932-3f5d306c462c','64955084-9404-4639-a7a3-5b944f3aa3da',NULL,0.07900),
  ('af6aec1e-b96f-4775-a932-3f5d306c462c','1c55a1c4-d5cd-4d7b-8aea-96a80ee95537',NULL,0.01580),
  ('af6aec1e-b96f-4775-a932-3f5d306c462c',NULL,'04f5cb04-29ab-4572-b169-6780998d8a41',1.00000),
  ('af6aec1e-b96f-4775-a932-3f5d306c462c','f7cabf53-3d4f-4b31-8f36-d6eb72158eb9',NULL,1.00000),
  ('ce16ce79-8dd5-47d3-ab81-424017e262a8',NULL,'af6aec1e-b96f-4775-a932-3f5d306c462c',2.00000),
  ('9f74d546-0cbd-4b11-b7f1-edb442924346','64955084-9404-4639-a7a3-5b944f3aa3da',NULL,0.07900),
  ('9f74d546-0cbd-4b11-b7f1-edb442924346','1c55a1c4-d5cd-4d7b-8aea-96a80ee95537',NULL,0.01580),
  ('9f74d546-0cbd-4b11-b7f1-edb442924346',NULL,'50cdcddb-8d2a-4493-9862-595febf92222',1.00000),
  ('c329e64f-c76b-4a0c-a2e8-f1e9e5c72f82','5ae95d45-eedf-48db-a1ab-ebf515251e08',NULL,1.00000),
  ('c329e64f-c76b-4a0c-a2e8-f1e9e5c72f82',NULL,'04f5cb04-29ab-4572-b169-6780998d8a41',1.00000),
  ('c329e64f-c76b-4a0c-a2e8-f1e9e5c72f82','f7cabf53-3d4f-4b31-8f36-d6eb72158eb9',NULL,1.00000),
  ('bffce793-d168-437c-9afa-e29274db3f87',NULL,'c329e64f-c76b-4a0c-a2e8-f1e9e5c72f82',2.00000),
  ('790e3e2e-7e13-45f3-ad19-217c859800b7','5ae95d45-eedf-48db-a1ab-ebf515251e08',NULL,1.00000),
  ('790e3e2e-7e13-45f3-ad19-217c859800b7',NULL,'50cdcddb-8d2a-4493-9862-595febf92222',1.00000),
  ('0c75ff52-ffd0-4df1-8aaa-66030b57ad95',NULL,'04f5cb04-29ab-4572-b169-6780998d8a41',1.00000),
  ('0c75ff52-ffd0-4df1-8aaa-66030b57ad95','f7cabf53-3d4f-4b31-8f36-d6eb72158eb9',NULL,1.00000),
  ('f90f3007-e892-445f-80d4-49a0fe04b159',NULL,'0c75ff52-ffd0-4df1-8aaa-66030b57ad95',2.00000),
  ('1f654e58-45de-4e0b-8b94-dd143e47969f',NULL,'50cdcddb-8d2a-4493-9862-595febf92222',1.00000);

-- Recalcula custo_cache de todos os produtos
update produtos set custo_cache = fn_custo_produto(id) where organizacao_id = '00000000-0000-0000-0000-000000000001';

commit;
